PRAGMA foreign_keys=OFF;
BEGIN TRANSACTION;
CREATE TABLE IF NOT EXISTS "django_migrations" ("id" integer NOT NULL PRIMARY KEY AUTOINCREMENT, "app" varchar(255) NOT NULL, "name" varchar(255) NOT NULL, "applied" datetime NOT NULL);
INSERT INTO django_migrations VALUES(1,'contenttypes','0001_initial','2024-02-01 08:16:17.841947');
INSERT INTO django_migrations VALUES(2,'auth','0001_initial','2024-02-01 08:16:17.854351');
INSERT INTO django_migrations VALUES(3,'admin','0001_initial','2024-02-01 08:16:17.864268');
INSERT INTO django_migrations VALUES(4,'admin','0002_logentry_remove_auto_add','2024-02-01 08:16:17.876499');
INSERT INTO django_migrations VALUES(5,'admin','0003_logentry_add_action_flag_choices','2024-02-01 08:16:17.883741');
INSERT INTO django_migrations VALUES(6,'contenttypes','0002_remove_content_type_name','2024-02-01 08:16:17.893656');
INSERT INTO django_migrations VALUES(7,'auth','0002_alter_permission_name_max_length','2024-02-01 08:16:17.901854');
INSERT INTO django_migrations VALUES(8,'auth','0003_alter_user_email_max_length','2024-02-01 08:16:17.907130');
INSERT INTO django_migrations VALUES(9,'auth','0004_alter_user_username_opts','2024-02-01 08:16:17.911541');
INSERT INTO django_migrations VALUES(10,'auth','0005_alter_user_last_login_null','2024-02-01 08:16:17.917672');
INSERT INTO django_migrations VALUES(11,'auth','0006_require_contenttypes_0002','2024-02-01 08:16:17.920633');
INSERT INTO django_migrations VALUES(12,'auth','0007_alter_validators_add_error_messages','2024-02-01 08:16:17.927572');
INSERT INTO django_migrations VALUES(13,'auth','0008_alter_user_username_max_length','2024-02-01 08:16:17.932465');
INSERT INTO django_migrations VALUES(14,'auth','0009_alter_user_last_name_max_length','2024-02-01 08:16:17.938769');
INSERT INTO django_migrations VALUES(15,'auth','0010_alter_group_name_max_length','2024-02-01 08:16:17.944815');
INSERT INTO django_migrations VALUES(16,'auth','0011_update_proxy_permissions','2024-02-01 08:16:17.950116');
INSERT INTO django_migrations VALUES(17,'auth','0012_alter_user_first_name_max_length','2024-02-01 08:16:17.955758');
INSERT INTO django_migrations VALUES(18,'paldex','0001_initial','2024-02-01 08:16:17.958228');
INSERT INTO django_migrations VALUES(19,'sessions','0001_initial','2024-02-01 08:16:17.962560');
INSERT INTO django_migrations VALUES(20,'paldex','0002_palmodel','2024-02-01 08:33:52.656185');
INSERT INTO django_migrations VALUES(21,'paldex','0002_alter_palmodel_image','2024-02-01 09:33:53.533568');
INSERT INTO django_migrations VALUES(22,'paldex','0003_alter_palmodel_image','2024-02-01 10:01:53.184046');
INSERT INTO django_migrations VALUES(23,'paldex','0004_alter_palmodel_image','2024-02-01 10:09:15.379775');
INSERT INTO django_migrations VALUES(24,'paldex','0005_alter_palmodel_image','2024-02-01 11:05:00.898449');
INSERT INTO django_migrations VALUES(25,'paldex','0006_alter_palmodel_image','2024-02-01 11:13:42.949624');
INSERT INTO django_migrations VALUES(26,'paldex','0007_alter_palmodel_image','2024-02-02 00:07:23.719188');
INSERT INTO django_migrations VALUES(27,'members','0001_initial','2024-02-17 03:17:00.797360');
INSERT INTO django_migrations VALUES(28,'members','0002_delete_pal','2024-02-17 08:18:41.789357');
INSERT INTO django_migrations VALUES(29,'members','0003_alter_fireteam_members','2024-02-17 08:21:23.396357');
INSERT INTO django_migrations VALUES(30,'members','0004_alter_fireteam_leader','2024-02-17 11:42:10.542240');
INSERT INTO django_migrations VALUES(31,'members','0005_alter_fireteam_leader','2024-02-17 11:44:56.996681');
INSERT INTO django_migrations VALUES(32,'members','0006_auto_20240221_0034','2024-02-21 00:34:25.698002');
INSERT INTO django_migrations VALUES(33,'paldex','0008_auto_20240221_0034','2024-02-21 00:34:25.709362');
CREATE TABLE IF NOT EXISTS "auth_group_permissions" ("id" integer NOT NULL PRIMARY KEY AUTOINCREMENT, "group_id" integer NOT NULL REFERENCES "auth_group" ("id") DEFERRABLE INITIALLY DEFERRED, "permission_id" integer NOT NULL REFERENCES "auth_permission" ("id") DEFERRABLE INITIALLY DEFERRED);
CREATE TABLE IF NOT EXISTS "auth_user_groups" ("id" integer NOT NULL PRIMARY KEY AUTOINCREMENT, "user_id" integer NOT NULL REFERENCES "auth_user" ("id") DEFERRABLE INITIALLY DEFERRED, "group_id" integer NOT NULL REFERENCES "auth_group" ("id") DEFERRABLE INITIALLY DEFERRED);
CREATE TABLE IF NOT EXISTS "auth_user_user_permissions" ("id" integer NOT NULL PRIMARY KEY AUTOINCREMENT, "user_id" integer NOT NULL REFERENCES "auth_user" ("id") DEFERRABLE INITIALLY DEFERRED, "permission_id" integer NOT NULL REFERENCES "auth_permission" ("id") DEFERRABLE INITIALLY DEFERRED);
CREATE TABLE IF NOT EXISTS "django_admin_log" ("id" integer NOT NULL PRIMARY KEY AUTOINCREMENT, "object_id" text NULL, "object_repr" varchar(200) NOT NULL, "action_flag" smallint unsigned NOT NULL CHECK ("action_flag" >= 0), "change_message" text NOT NULL, "content_type_id" integer NULL REFERENCES "django_content_type" ("id") DEFERRABLE INITIALLY DEFERRED, "user_id" integer NOT NULL REFERENCES "auth_user" ("id") DEFERRABLE INITIALLY DEFERRED, "action_time" datetime NOT NULL);
INSERT INTO django_admin_log VALUES(1,'1','PalModel object (1)',2,'[{"changed": {"fields": ["Image"]}}]',8,1,'2024-02-01 10:06:10.675504');
INSERT INTO django_admin_log VALUES(2,'1','PalModel object (1)',2,'[{"changed": {"fields": ["Image"]}}]',8,1,'2024-02-01 10:11:19.799406');
INSERT INTO django_admin_log VALUES(3,'1','PalModel object (1)',2,'[{"changed": {"fields": ["Image"]}}]',8,1,'2024-02-01 11:06:31.315497');
INSERT INTO django_admin_log VALUES(4,'1','PalModel object (1)',2,'[]',8,1,'2024-02-01 11:12:59.212733');
INSERT INTO django_admin_log VALUES(5,'1','PalModel object (1)',2,'[{"changed": {"fields": ["Image"]}}]',8,1,'2024-02-01 11:19:45.592348');
INSERT INTO django_admin_log VALUES(6,'1','PalModel object (1)',2,'[{"changed": {"fields": ["Image"]}}]',8,1,'2024-02-02 00:08:11.880637');
INSERT INTO django_admin_log VALUES(7,'2','PalModel object (2)',2,'[{"changed": {"fields": ["Image"]}}]',8,1,'2024-02-02 00:13:27.550521');
INSERT INTO django_admin_log VALUES(8,'3','PalModel object (3)',2,'[{"changed": {"fields": ["Image"]}}]',8,1,'2024-02-02 00:13:49.173015');
INSERT INTO django_admin_log VALUES(9,'3','PalModel object (3)',2,'[{"changed": {"fields": ["Image"]}}]',8,1,'2024-02-02 00:14:00.570949');
INSERT INTO django_admin_log VALUES(10,'4','PalModel object (4)',2,'[{"changed": {"fields": ["Image"]}}]',8,1,'2024-02-02 00:14:27.866480');
INSERT INTO django_admin_log VALUES(11,'5','PalModel object (5)',2,'[{"changed": {"fields": ["Image"]}}]',8,1,'2024-02-02 00:14:43.250207');
INSERT INTO django_admin_log VALUES(12,'6','PalModel object (6)',2,'[{"changed": {"fields": ["Image"]}}]',8,1,'2024-02-02 00:14:55.330517');
INSERT INTO django_admin_log VALUES(13,'7','PalModel object (7)',2,'[{"changed": {"fields": ["Image"]}}]',8,1,'2024-02-02 00:15:14.548203');
INSERT INTO django_admin_log VALUES(14,'8','PalModel object (8)',2,'[{"changed": {"fields": ["Image"]}}]',8,1,'2024-02-02 00:15:24.128408');
INSERT INTO django_admin_log VALUES(15,'9','PalModel object (9)',2,'[{"changed": {"fields": ["Image"]}}]',8,1,'2024-02-02 00:15:32.380614');
INSERT INTO django_admin_log VALUES(16,'10','PalModel object (10)',2,'[{"changed": {"fields": ["Image"]}}]',8,1,'2024-02-02 00:15:50.080213');
INSERT INTO django_admin_log VALUES(17,'11','PalModel object (11)',2,'[{"changed": {"fields": ["Image"]}}]',8,1,'2024-02-02 00:19:06.643803');
INSERT INTO django_admin_log VALUES(18,'11','PalModel object (11)',2,'[{"changed": {"fields": ["Image"]}}]',8,1,'2024-02-02 00:22:57.867021');
INSERT INTO django_admin_log VALUES(19,'111','PalModel object (111)',2,'[{"changed": {"fields": ["Image"]}}]',8,1,'2024-02-02 00:36:10.285637');
INSERT INTO django_admin_log VALUES(20,'110','PalModel object (110)',2,'[{"changed": {"fields": ["Image"]}}]',8,1,'2024-02-02 00:36:20.053590');
INSERT INTO django_admin_log VALUES(21,'109','PalModel object (109)',2,'[{"changed": {"fields": ["Image"]}}]',8,1,'2024-02-02 00:36:38.104406');
INSERT INTO django_admin_log VALUES(22,'108','PalModel object (108)',2,'[{"changed": {"fields": ["Image"]}}]',8,1,'2024-02-02 00:36:47.792302');
INSERT INTO django_admin_log VALUES(23,'107','PalModel object (107)',2,'[{"changed": {"fields": ["Image"]}}]',8,1,'2024-02-02 00:36:58.194541');
INSERT INTO django_admin_log VALUES(24,'106','PalModel object (106)',2,'[{"changed": {"fields": ["Image"]}}]',8,1,'2024-02-02 00:37:11.654098');
INSERT INTO django_admin_log VALUES(25,'106','PalModel object (106)',2,'[{"changed": {"fields": ["Image"]}}]',8,1,'2024-02-02 00:38:01.723455');
INSERT INTO django_admin_log VALUES(26,'105','PalModel object (105)',2,'[{"changed": {"fields": ["Image"]}}]',8,1,'2024-02-02 00:38:10.634512');
INSERT INTO django_admin_log VALUES(27,'104','PalModel object (104)',2,'[{"changed": {"fields": ["Image"]}}]',8,1,'2024-02-02 00:38:19.841454');
INSERT INTO django_admin_log VALUES(28,'103','PalModel object (103)',2,'[{"changed": {"fields": ["Image"]}}]',8,1,'2024-02-02 00:38:35.682188');
INSERT INTO django_admin_log VALUES(29,'102','PalModel object (102)',2,'[{"changed": {"fields": ["Image"]}}]',8,1,'2024-02-02 00:38:45.353423');
INSERT INTO django_admin_log VALUES(30,'101','PalModel object (101)',2,'[{"changed": {"fields": ["Image"]}}]',8,1,'2024-02-02 00:38:53.253250');
INSERT INTO django_admin_log VALUES(31,'100','PalModel object (100)',2,'[{"changed": {"fields": ["Image"]}}]',8,1,'2024-02-02 00:39:03.421010');
INSERT INTO django_admin_log VALUES(32,'99','PalModel object (99)',2,'[{"changed": {"fields": ["Image"]}}]',8,1,'2024-02-02 00:39:13.341939');
INSERT INTO django_admin_log VALUES(33,'98','PalModel object (98)',2,'[{"changed": {"fields": ["Image"]}}]',8,1,'2024-02-02 00:39:27.451750');
INSERT INTO django_admin_log VALUES(34,'97','PalModel object (97)',2,'[{"changed": {"fields": ["Image"]}}]',8,1,'2024-02-02 00:39:38.387686');
INSERT INTO django_admin_log VALUES(35,'96','PalModel object (96)',2,'[{"changed": {"fields": ["Image"]}}]',8,1,'2024-02-02 00:39:47.700958');
INSERT INTO django_admin_log VALUES(36,'95','PalModel object (95)',2,'[{"changed": {"fields": ["Image"]}}]',8,1,'2024-02-02 00:39:57.751075');
INSERT INTO django_admin_log VALUES(37,'94','PalModel object (94)',2,'[{"changed": {"fields": ["Image"]}}]',8,1,'2024-02-02 00:40:06.201096');
INSERT INTO django_admin_log VALUES(38,'93','PalModel object (93)',2,'[{"changed": {"fields": ["Image"]}}]',8,1,'2024-02-02 00:40:14.901561');
INSERT INTO django_admin_log VALUES(39,'92','PalModel object (92)',2,'[{"changed": {"fields": ["Image"]}}]',8,1,'2024-02-02 00:40:27.021437');
INSERT INTO django_admin_log VALUES(40,'91','PalModel object (91)',2,'[{"changed": {"fields": ["Image"]}}]',8,1,'2024-02-02 00:40:36.060861');
INSERT INTO django_admin_log VALUES(41,'90','PalModel object (90)',2,'[{"changed": {"fields": ["Image"]}}]',8,1,'2024-02-02 00:40:45.380899');
INSERT INTO django_admin_log VALUES(42,'89','PalModel object (89)',2,'[{"changed": {"fields": ["Image"]}}]',8,1,'2024-02-02 00:40:54.723805');
INSERT INTO django_admin_log VALUES(43,'88','PalModel object (88)',2,'[{"changed": {"fields": ["Image"]}}]',8,1,'2024-02-02 00:41:04.791474');
INSERT INTO django_admin_log VALUES(44,'87','PalModel object (87)',2,'[{"changed": {"fields": ["Image"]}}]',8,1,'2024-02-02 00:41:16.750252');
INSERT INTO django_admin_log VALUES(45,'86','PalModel object (86)',2,'[{"changed": {"fields": ["Image"]}}]',8,1,'2024-02-02 00:41:27.680900');
INSERT INTO django_admin_log VALUES(46,'85','PalModel object (85)',2,'[{"changed": {"fields": ["Image"]}}]',8,1,'2024-02-02 00:41:40.172344');
INSERT INTO django_admin_log VALUES(47,'84','PalModel object (84)',2,'[{"changed": {"fields": ["Image"]}}]',8,1,'2024-02-02 00:41:51.851766');
INSERT INTO django_admin_log VALUES(48,'83','PalModel object (83)',2,'[{"changed": {"fields": ["Image"]}}]',8,1,'2024-02-02 00:42:03.061496');
INSERT INTO django_admin_log VALUES(49,'82','PalModel object (82)',2,'[{"changed": {"fields": ["Image"]}}]',8,1,'2024-02-02 00:42:09.810748');
INSERT INTO django_admin_log VALUES(50,'81','PalModel object (81)',2,'[{"changed": {"fields": ["Image"]}}]',8,1,'2024-02-02 00:42:19.011588');
INSERT INTO django_admin_log VALUES(51,'80','PalModel object (80)',2,'[{"changed": {"fields": ["Image"]}}]',8,1,'2024-02-02 00:43:09.016976');
INSERT INTO django_admin_log VALUES(52,'79','PalModel object (79)',2,'[{"changed": {"fields": ["Image"]}}]',8,1,'2024-02-02 00:43:37.520873');
INSERT INTO django_admin_log VALUES(53,'78','PalModel object (78)',2,'[{"changed": {"fields": ["Image"]}}]',8,1,'2024-02-02 00:43:48.742708');
INSERT INTO django_admin_log VALUES(54,'77','PalModel object (77)',2,'[{"changed": {"fields": ["Image"]}}]',8,1,'2024-02-02 00:44:01.251753');
INSERT INTO django_admin_log VALUES(55,'76','PalModel object (76)',2,'[{"changed": {"fields": ["Image"]}}]',8,1,'2024-02-02 00:44:11.243060');
INSERT INTO django_admin_log VALUES(56,'75','PalModel object (75)',2,'[{"changed": {"fields": ["Image"]}}]',8,1,'2024-02-02 00:44:20.041087');
INSERT INTO django_admin_log VALUES(57,'73','PalModel object (73)',2,'[{"changed": {"fields": ["Image"]}}]',8,1,'2024-02-02 00:44:30.797674');
INSERT INTO django_admin_log VALUES(58,'74','PalModel object (74)',2,'[{"changed": {"fields": ["Image"]}}]',8,1,'2024-02-02 00:44:40.339295');
INSERT INTO django_admin_log VALUES(59,'72','PalModel object (72)',2,'[{"changed": {"fields": ["Image"]}}]',8,1,'2024-02-02 00:44:48.431216');
INSERT INTO django_admin_log VALUES(60,'71','PalModel object (71)',2,'[{"changed": {"fields": ["Image"]}}]',8,1,'2024-02-02 00:44:56.512666');
INSERT INTO django_admin_log VALUES(61,'70','PalModel object (70)',2,'[{"changed": {"fields": ["Image"]}}]',8,1,'2024-02-02 00:45:08.890870');
INSERT INTO django_admin_log VALUES(62,'69','PalModel object (69)',2,'[{"changed": {"fields": ["Image"]}}]',8,1,'2024-02-02 00:45:18.486849');
INSERT INTO django_admin_log VALUES(63,'68','PalModel object (68)',2,'[{"changed": {"fields": ["Image"]}}]',8,1,'2024-02-02 00:45:26.503579');
INSERT INTO django_admin_log VALUES(64,'67','PalModel object (67)',2,'[{"changed": {"fields": ["Image"]}}]',8,1,'2024-02-02 00:45:33.886814');
INSERT INTO django_admin_log VALUES(65,'66','PalModel object (66)',2,'[{"changed": {"fields": ["Image"]}}]',8,1,'2024-02-02 00:45:50.168612');
INSERT INTO django_admin_log VALUES(66,'65','PalModel object (65)',2,'[{"changed": {"fields": ["Image"]}}]',8,1,'2024-02-02 00:46:00.580488');
INSERT INTO django_admin_log VALUES(67,'64','PalModel object (64)',2,'[{"changed": {"fields": ["Image"]}}]',8,1,'2024-02-02 00:46:12.806456');
INSERT INTO django_admin_log VALUES(68,'63','PalModel object (63)',2,'[{"changed": {"fields": ["Image"]}}]',8,1,'2024-02-02 00:46:22.883736');
INSERT INTO django_admin_log VALUES(69,'62','PalModel object (62)',2,'[{"changed": {"fields": ["Image"]}}]',8,1,'2024-02-02 00:46:32.717411');
INSERT INTO django_admin_log VALUES(70,'61','PalModel object (61)',2,'[{"changed": {"fields": ["Image"]}}]',8,1,'2024-02-02 00:46:43.846882');
INSERT INTO django_admin_log VALUES(71,'60','PalModel object (60)',2,'[{"changed": {"fields": ["Image"]}}]',8,1,'2024-02-02 00:46:52.210012');
INSERT INTO django_admin_log VALUES(72,'59','PalModel object (59)',2,'[{"changed": {"fields": ["Image"]}}]',8,1,'2024-02-02 00:47:05.441432');
INSERT INTO django_admin_log VALUES(73,'58','PalModel object (58)',2,'[{"changed": {"fields": ["Image"]}}]',8,1,'2024-02-02 00:47:14.893246');
INSERT INTO django_admin_log VALUES(74,'57','PalModel object (57)',2,'[{"changed": {"fields": ["Image"]}}]',8,1,'2024-02-02 00:47:24.961744');
INSERT INTO django_admin_log VALUES(75,'56','PalModel object (56)',2,'[{"changed": {"fields": ["Image"]}}]',8,1,'2024-02-02 00:47:34.002177');
INSERT INTO django_admin_log VALUES(76,'55','PalModel object (55)',2,'[{"changed": {"fields": ["Image"]}}]',8,1,'2024-02-02 00:47:41.653793');
INSERT INTO django_admin_log VALUES(77,'54','PalModel object (54)',2,'[{"changed": {"fields": ["Image"]}}]',8,1,'2024-02-02 00:47:49.747987');
INSERT INTO django_admin_log VALUES(78,'53','PalModel object (53)',2,'[{"changed": {"fields": ["Image"]}}]',8,1,'2024-02-02 00:47:56.648439');
INSERT INTO django_admin_log VALUES(79,'52','PalModel object (52)',2,'[{"changed": {"fields": ["Image"]}}]',8,1,'2024-02-02 00:48:02.291425');
INSERT INTO django_admin_log VALUES(80,'51','PalModel object (51)',2,'[{"changed": {"fields": ["Image"]}}]',8,1,'2024-02-02 00:48:08.501130');
INSERT INTO django_admin_log VALUES(81,'50','PalModel object (50)',2,'[{"changed": {"fields": ["Image"]}}]',8,1,'2024-02-02 00:48:17.261184');
INSERT INTO django_admin_log VALUES(82,'49','PalModel object (49)',2,'[{"changed": {"fields": ["Image"]}}]',8,1,'2024-02-02 00:48:26.761883');
INSERT INTO django_admin_log VALUES(83,'48','PalModel object (48)',2,'[{"changed": {"fields": ["Image"]}}]',8,1,'2024-02-02 00:48:33.061130');
INSERT INTO django_admin_log VALUES(84,'47','PalModel object (47)',2,'[{"changed": {"fields": ["Image"]}}]',8,1,'2024-02-02 00:48:39.212061');
INSERT INTO django_admin_log VALUES(85,'46','PalModel object (46)',2,'[{"changed": {"fields": ["Image"]}}]',8,1,'2024-02-02 00:48:45.383308');
INSERT INTO django_admin_log VALUES(86,'45','PalModel object (45)',2,'[{"changed": {"fields": ["Image"]}}]',8,1,'2024-02-02 00:48:55.610063');
INSERT INTO django_admin_log VALUES(87,'44','PalModel object (44)',2,'[{"changed": {"fields": ["Image"]}}]',8,1,'2024-02-02 00:49:04.266127');
INSERT INTO django_admin_log VALUES(88,'43','PalModel object (43)',2,'[{"changed": {"fields": ["Image"]}}]',8,1,'2024-02-02 00:49:17.036504');
INSERT INTO django_admin_log VALUES(89,'42','PalModel object (42)',2,'[{"changed": {"fields": ["Image"]}}]',8,1,'2024-02-02 00:49:23.011809');
INSERT INTO django_admin_log VALUES(90,'41','PalModel object (41)',2,'[{"changed": {"fields": ["Image"]}}]',8,1,'2024-02-02 00:49:33.781210');
INSERT INTO django_admin_log VALUES(91,'40','PalModel object (40)',2,'[{"changed": {"fields": ["Image"]}}]',8,1,'2024-02-02 00:49:41.201173');
INSERT INTO django_admin_log VALUES(92,'39','PalModel object (39)',2,'[{"changed": {"fields": ["Image"]}}]',8,1,'2024-02-02 00:49:51.152213');
INSERT INTO django_admin_log VALUES(93,'38','PalModel object (38)',2,'[{"changed": {"fields": ["Image"]}}]',8,1,'2024-02-02 00:49:59.541759');
INSERT INTO django_admin_log VALUES(94,'37','PalModel object (37)',2,'[{"changed": {"fields": ["Image"]}}]',8,1,'2024-02-02 00:50:07.101633');
INSERT INTO django_admin_log VALUES(95,'36','PalModel object (36)',2,'[{"changed": {"fields": ["Image"]}}]',8,1,'2024-02-02 00:50:21.831178');
INSERT INTO django_admin_log VALUES(96,'35','PalModel object (35)',2,'[{"changed": {"fields": ["Image"]}}]',8,1,'2024-02-02 00:50:29.581221');
INSERT INTO django_admin_log VALUES(97,'34','PalModel object (34)',2,'[{"changed": {"fields": ["Image"]}}]',8,1,'2024-02-02 00:50:37.491097');
INSERT INTO django_admin_log VALUES(98,'33','PalModel object (33)',2,'[{"changed": {"fields": ["Image"]}}]',8,1,'2024-02-02 00:50:43.971237');
INSERT INTO django_admin_log VALUES(99,'32','PalModel object (32)',2,'[{"changed": {"fields": ["Image"]}}]',8,1,'2024-02-02 00:50:50.351593');
INSERT INTO django_admin_log VALUES(100,'31','PalModel object (31)',2,'[{"changed": {"fields": ["Image"]}}]',8,1,'2024-02-02 00:50:57.901177');
INSERT INTO django_admin_log VALUES(101,'30','PalModel object (30)',2,'[{"changed": {"fields": ["Image"]}}]',8,1,'2024-02-02 00:51:04.770790');
INSERT INTO django_admin_log VALUES(102,'29','PalModel object (29)',2,'[{"changed": {"fields": ["Image"]}}]',8,1,'2024-02-02 00:51:13.111265');
INSERT INTO django_admin_log VALUES(103,'28','PalModel object (28)',2,'[{"changed": {"fields": ["Image"]}}]',8,1,'2024-02-02 00:51:21.552015');
INSERT INTO django_admin_log VALUES(104,'27','PalModel object (27)',2,'[{"changed": {"fields": ["Image"]}}]',8,1,'2024-02-02 00:51:35.101100');
INSERT INTO django_admin_log VALUES(105,'26','PalModel object (26)',2,'[{"changed": {"fields": ["Image"]}}]',8,1,'2024-02-02 00:51:43.971510');
INSERT INTO django_admin_log VALUES(106,'25','PalModel object (25)',2,'[{"changed": {"fields": ["Image"]}}]',8,1,'2024-02-02 00:51:50.981286');
INSERT INTO django_admin_log VALUES(107,'24','PalModel object (24)',2,'[{"changed": {"fields": ["Image"]}}]',8,1,'2024-02-02 00:51:58.771108');
INSERT INTO django_admin_log VALUES(108,'23','PalModel object (23)',2,'[{"changed": {"fields": ["Image"]}}]',8,1,'2024-02-02 00:52:07.382364');
INSERT INTO django_admin_log VALUES(109,'22','PalModel object (22)',2,'[{"changed": {"fields": ["Image"]}}]',8,1,'2024-02-02 00:52:16.977173');
INSERT INTO django_admin_log VALUES(110,'21','PalModel object (21)',2,'[{"changed": {"fields": ["Image"]}}]',8,1,'2024-02-02 00:52:23.023870');
INSERT INTO django_admin_log VALUES(111,'20','PalModel object (20)',2,'[{"changed": {"fields": ["Image"]}}]',8,1,'2024-02-02 00:52:29.550704');
INSERT INTO django_admin_log VALUES(112,'19','PalModel object (19)',2,'[{"changed": {"fields": ["Image"]}}]',8,1,'2024-02-02 00:52:40.024633');
INSERT INTO django_admin_log VALUES(113,'18','PalModel object (18)',2,'[{"changed": {"fields": ["Image"]}}]',8,1,'2024-02-02 00:52:47.360918');
INSERT INTO django_admin_log VALUES(114,'17','PalModel object (17)',2,'[{"changed": {"fields": ["Image"]}}]',8,1,'2024-02-02 00:52:54.281066');
INSERT INTO django_admin_log VALUES(115,'16','PalModel object (16)',2,'[{"changed": {"fields": ["Image"]}}]',8,1,'2024-02-02 00:53:01.153372');
INSERT INTO django_admin_log VALUES(116,'15','PalModel object (15)',2,'[{"changed": {"fields": ["Image"]}}]',8,1,'2024-02-02 00:53:08.780245');
INSERT INTO django_admin_log VALUES(117,'14','PalModel object (14)',2,'[{"changed": {"fields": ["Image"]}}]',8,1,'2024-02-02 00:53:16.611390');
INSERT INTO django_admin_log VALUES(118,'13','PalModel object (13)',2,'[{"changed": {"fields": ["Image"]}}]',8,1,'2024-02-02 00:53:29.090581');
INSERT INTO django_admin_log VALUES(119,'12','PalModel object (12)',2,'[{"changed": {"fields": ["Image"]}}]',8,1,'2024-02-02 00:53:35.900989');
INSERT INTO django_admin_log VALUES(120,'1','Mike',1,'[{"added": {}}]',10,1,'2024-02-17 08:55:26.272225');
INSERT INTO django_admin_log VALUES(121,'1','Mike',3,'',10,1,'2024-02-17 08:56:13.071568');
INSERT INTO django_admin_log VALUES(122,'2','Strong',1,'[{"added": {}}]',10,1,'2024-02-17 09:10:02.006522');
INSERT INTO django_admin_log VALUES(123,'3','weak',1,'[{"added": {}}]',10,1,'2024-02-17 09:10:35.862461');
INSERT INTO django_admin_log VALUES(124,'4','Strong',1,'[{"added": {}}]',10,1,'2024-02-17 10:41:40.865432');
INSERT INTO django_admin_log VALUES(125,'5','Weak',1,'[{"added": {}}]',10,1,'2024-02-17 10:41:54.146263');
INSERT INTO django_admin_log VALUES(126,'6','Milk',1,'[{"added": {}}]',10,1,'2024-02-17 11:35:26.471419');
CREATE TABLE IF NOT EXISTS "django_content_type" ("id" integer NOT NULL PRIMARY KEY AUTOINCREMENT, "app_label" varchar(100) NOT NULL, "model" varchar(100) NOT NULL);
INSERT INTO django_content_type VALUES(1,'admin','logentry');
INSERT INTO django_content_type VALUES(2,'auth','permission');
INSERT INTO django_content_type VALUES(3,'auth','group');
INSERT INTO django_content_type VALUES(4,'auth','user');
INSERT INTO django_content_type VALUES(5,'contenttypes','contenttype');
INSERT INTO django_content_type VALUES(6,'sessions','session');
INSERT INTO django_content_type VALUES(7,'paldex','todoitem');
INSERT INTO django_content_type VALUES(8,'paldex','palmodel');
INSERT INTO django_content_type VALUES(9,'members','pal');
INSERT INTO django_content_type VALUES(10,'members','fireteam');
CREATE TABLE IF NOT EXISTS "auth_permission" ("id" integer NOT NULL PRIMARY KEY AUTOINCREMENT, "content_type_id" integer NOT NULL REFERENCES "django_content_type" ("id") DEFERRABLE INITIALLY DEFERRED, "codename" varchar(100) NOT NULL, "name" varchar(255) NOT NULL);
INSERT INTO auth_permission VALUES(1,1,'add_logentry','Can add log entry');
INSERT INTO auth_permission VALUES(2,1,'change_logentry','Can change log entry');
INSERT INTO auth_permission VALUES(3,1,'delete_logentry','Can delete log entry');
INSERT INTO auth_permission VALUES(4,1,'view_logentry','Can view log entry');
INSERT INTO auth_permission VALUES(5,2,'add_permission','Can add permission');
INSERT INTO auth_permission VALUES(6,2,'change_permission','Can change permission');
INSERT INTO auth_permission VALUES(7,2,'delete_permission','Can delete permission');
INSERT INTO auth_permission VALUES(8,2,'view_permission','Can view permission');
INSERT INTO auth_permission VALUES(9,3,'add_group','Can add group');
INSERT INTO auth_permission VALUES(10,3,'change_group','Can change group');
INSERT INTO auth_permission VALUES(11,3,'delete_group','Can delete group');
INSERT INTO auth_permission VALUES(12,3,'view_group','Can view group');
INSERT INTO auth_permission VALUES(13,4,'add_user','Can add user');
INSERT INTO auth_permission VALUES(14,4,'change_user','Can change user');
INSERT INTO auth_permission VALUES(15,4,'delete_user','Can delete user');
INSERT INTO auth_permission VALUES(16,4,'view_user','Can view user');
INSERT INTO auth_permission VALUES(17,5,'add_contenttype','Can add content type');
INSERT INTO auth_permission VALUES(18,5,'change_contenttype','Can change content type');
INSERT INTO auth_permission VALUES(19,5,'delete_contenttype','Can delete content type');
INSERT INTO auth_permission VALUES(20,5,'view_contenttype','Can view content type');
INSERT INTO auth_permission VALUES(21,6,'add_session','Can add session');
INSERT INTO auth_permission VALUES(22,6,'change_session','Can change session');
INSERT INTO auth_permission VALUES(23,6,'delete_session','Can delete session');
INSERT INTO auth_permission VALUES(24,6,'view_session','Can view session');
INSERT INTO auth_permission VALUES(25,7,'add_todoitem','Can add todo item');
INSERT INTO auth_permission VALUES(26,7,'change_todoitem','Can change todo item');
INSERT INTO auth_permission VALUES(27,7,'delete_todoitem','Can delete todo item');
INSERT INTO auth_permission VALUES(28,7,'view_todoitem','Can view todo item');
INSERT INTO auth_permission VALUES(29,8,'add_palmodel','Can add pal model');
INSERT INTO auth_permission VALUES(30,8,'change_palmodel','Can change pal model');
INSERT INTO auth_permission VALUES(31,8,'delete_palmodel','Can delete pal model');
INSERT INTO auth_permission VALUES(32,8,'view_palmodel','Can view pal model');
INSERT INTO auth_permission VALUES(33,9,'add_pal','Can add pal');
INSERT INTO auth_permission VALUES(34,9,'change_pal','Can change pal');
INSERT INTO auth_permission VALUES(35,9,'delete_pal','Can delete pal');
INSERT INTO auth_permission VALUES(36,9,'view_pal','Can view pal');
INSERT INTO auth_permission VALUES(37,10,'add_fireteam','Can add fire team');
INSERT INTO auth_permission VALUES(38,10,'change_fireteam','Can change fire team');
INSERT INTO auth_permission VALUES(39,10,'delete_fireteam','Can delete fire team');
INSERT INTO auth_permission VALUES(40,10,'view_fireteam','Can view fire team');
CREATE TABLE IF NOT EXISTS "auth_group" ("id" integer NOT NULL PRIMARY KEY AUTOINCREMENT, "name" varchar(150) NOT NULL UNIQUE);
CREATE TABLE IF NOT EXISTS "auth_user" ("id" integer NOT NULL PRIMARY KEY AUTOINCREMENT, "password" varchar(128) NOT NULL, "last_login" datetime NULL, "is_superuser" bool NOT NULL, "username" varchar(150) NOT NULL UNIQUE, "last_name" varchar(150) NOT NULL, "email" varchar(254) NOT NULL, "is_staff" bool NOT NULL, "is_active" bool NOT NULL, "date_joined" datetime NOT NULL, "first_name" varchar(150) NOT NULL);
INSERT INTO auth_user VALUES(1,'pbkdf2_sha256$216000$AykW1RtVRh4E$WgpoDadzEMdg0RhJEXKK7V7bPbDawMy9bExm6uRy7pA=','2024-02-21 05:07:08.686387',1,'mike','','',1,1,'2024-02-01 09:51:37.123240','');
INSERT INTO auth_user VALUES(2,'pbkdf2_sha256$720000$4WPpFjMaqB5i9kTpgoRZO5$l05rUJ0z/oPeMofuP2dp5XOg11akp/MKOfuQZ7F+U8k=','2024-02-17 11:35:40.378087',0,'bob','','',0,1,'2024-02-17 02:04:19.176422','');
INSERT INTO auth_user VALUES(3,'pbkdf2_sha256$720000$3M1QljBWnBYwNI1BaIrunn$dzpZ9Ct0Y6bqXL8xf0ziglLQDvTZFV+uw+gTheFgKes=','2024-02-17 02:54:40.122870',0,'tim','elder','tim@example.com',0,1,'2024-02-17 02:24:26.377174','tim');
INSERT INTO auth_user VALUES(4,'pbkdf2_sha256$720000$J3eztGf8ZPjvmNMcb5crAl$n8gx/bj+sTdtKTFUS61WkEfV4aBlkbMGmUMT3km/WSY=','2024-02-17 12:31:51.183391',0,'Poke','mon','pokemon@mail.com',0,1,'2024-02-17 12:31:50.939249','poke');
CREATE TABLE IF NOT EXISTS "django_session" ("session_key" varchar(40) NOT NULL PRIMARY KEY, "session_data" text NOT NULL, "expire_date" datetime NOT NULL);
INSERT INTO django_session VALUES('qrol0d2xj93vtpuj075lgd7st19r3rmu','.eJxVjEEOwiAQRe_C2hAKdQou3fcMZIYBqRpISrsy3l1JutDtf-_9l_C4b9nvLa5-YXERgzj9boThEUsHfMdyqzLUsq0Lya7IgzY5V47P6-H-HWRs-VuPoHUIahwiklGgDIDT1iROo2MEYxTxBAyWOzuztYnUhIrZOMLI4v0ByGc3yw:1rVTk8:9L0ZJ2dNelyxDd1c84BhLPk6I1m9Cj0E_CvgCF7eE_I','2024-02-15 09:52:24.209782');
INSERT INTO django_session VALUES('mg3o7aknpdf72t74n8sadoix9bb3kdy3','.eJxVjDsOwjAQBe_iGln-LCympM8ZLHt3gwPIluKkQtwdIqWA9s3Me6mY1qXEtcscJ1YXZdXhd8uJHlI3wPdUb01Tq8s8Zb0peqddD43led3dv4OSevnWJpgzBbFWWMS4TACAHhOdAI8Axgn77PMYHHkMHOzoLAlItmgYyaj3B9q7N8Y:1rcep2:13TmstCt5J1aB2TSfVXSRoZg5KIoMcKEVhse_bH_HQk','2024-03-06 05:07:08.691755');
CREATE TABLE IF NOT EXISTS "members_fireteam_members" ("id" integer NOT NULL PRIMARY KEY AUTOINCREMENT, "fireteam_id" bigint NOT NULL REFERENCES "members_fireteam" ("id") DEFERRABLE INITIALLY DEFERRED, "palmodel_id" bigint NOT NULL REFERENCES "paldex_palmodel" ("id") DEFERRABLE INITIALLY DEFERRED);
INSERT INTO members_fireteam_members VALUES(43,11,1);
INSERT INTO members_fireteam_members VALUES(44,12,5);
INSERT INTO members_fireteam_members VALUES(45,11,20);
INSERT INTO members_fireteam_members VALUES(46,12,47);
INSERT INTO members_fireteam_members VALUES(48,14,8);
INSERT INTO members_fireteam_members VALUES(49,15,9);
CREATE TABLE IF NOT EXISTS "members_fireteam" ("id" integer NOT NULL PRIMARY KEY AUTOINCREMENT, "name" varchar(100) NOT NULL, "leader_id" integer NOT NULL REFERENCES "auth_user" ("id") DEFERRABLE INITIALLY DEFERRED);
INSERT INTO members_fireteam VALUES(11,'Sukuna',1);
INSERT INTO members_fireteam VALUES(12,'Milk',1);
INSERT INTO members_fireteam VALUES(14,'Strong',4);
INSERT INTO members_fireteam VALUES(15,'Sukuna',4);
INSERT INTO members_fireteam VALUES(16,'Jonny',1);
CREATE TABLE IF NOT EXISTS "paldex_palmodel" ("id" integer NOT NULL PRIMARY KEY AUTOINCREMENT, "name" varchar(200) NOT NULL, "image" varchar(100) NOT NULL, "type" varchar(200) NOT NULL, "skill" varchar(200) NOT NULL, "work" varchar(200) NOT NULL, "drops" varchar(200) NOT NULL, "price" bigint NOT NULL);
INSERT INTO paldex_palmodel VALUES(1,'Lamball','images/1.png','Neutral','Fluffy Shield','Farming L1, Handiwork L1, Transporting L1','Lamball Mutton, Wool',1000);
INSERT INTO paldex_palmodel VALUES(2,'Cattiva','images/2.png','Neutral','Cat Helper','Gathering L1, Handiwork L1, Mining L1, Transporting L1','Red Berries',1000);
INSERT INTO paldex_palmodel VALUES(3,'Chikipi','images/3_y8vAEc3.png','Neutral','Egg Layer','Farming L1, Gathering L1','Chikipi Poultry, Egg',1000);
INSERT INTO paldex_palmodel VALUES(4,'Lifmunk','images/4.png','Grass','Lifmunk Recoil','Gathering L1, Handiwork L1, Lumbering L1, Medicine L1, Planting L1','Berry Seeds, Low Grade Medical Supplies',1010);
INSERT INTO paldex_palmodel VALUES(5,'Foxparks','images/5.png','Fire','Huggy Fire','Kindling L1','Flame Organ, Leather',1040);
INSERT INTO paldex_palmodel VALUES(6,'Fuack','images/6.png','Water','Surfing Slam','Handiwork L1, Transporting L1, Watering L1','Leather, Pal Fluids',1120);
INSERT INTO paldex_palmodel VALUES(7,'Sparkit','images/7.png','Electric','Static Electricity','Electricity L1, Handiwork L1, Transporting L1','Electric Organ',1030);
INSERT INTO paldex_palmodel VALUES(8,'Tanzee','images/8.png','Grass','Cheery Rifle','Gathering L1, Handiwork L1, Lumbering L1, Planting L1, Transporting L1','Mushroom',1280);
INSERT INTO paldex_palmodel VALUES(9,'Rooby','images/9.png','Fire','Tiny Spark','Kindling L1','Flame Organ, Leather',2950);
INSERT INTO paldex_palmodel VALUES(10,'Pengullet','images/10.png','Ice, Water','Pengullet Cannon','Cooling L1, Handiwork L1, Transporting L1, Watering L1','Ice Organ, Pal Fluids',1080);
INSERT INTO paldex_palmodel VALUES(11,'Penking','images/11_E7e8OsI.webp','Ice, Water','Brave Sailor','Cooling L2, Handiwork L2, Mining L2, Transporting L2, Watering L2','Ice Organ, Penking Plume',5410);
INSERT INTO paldex_palmodel VALUES(12,'Jolthog','images/12.webp','Electric','Jolt Bomb','Electricity L1','Electric Organ',1060);
INSERT INTO paldex_palmodel VALUES(13,'Gumoss','images/13.webp','Grass, Ground','Logging Assistance','Planting L1','Berry Seeds, Gumoss Leaf',1310);
INSERT INTO paldex_palmodel VALUES(14,'Vixy','images/14.webp','Neutral','Dig Here','Farming L1, Gathering L1','Bone, Leather',1000);
INSERT INTO paldex_palmodel VALUES(15,'Hoocrates','images/15.webp','Dark','Dark Knowledge','Gathering L1','Fiber, High Grade Technical Manual',1050);
INSERT INTO paldex_palmodel VALUES(16,'Teafant','images/16.webp','Water','Soothing Shower','Watering L1','Pal Fluids',1000);
INSERT INTO paldex_palmodel VALUES(17,'Depresso','images/17.webp','Dark','Caffeine Inoculation','Handiwork L1, Mining L1, Transporting L1','Venom Gland',1050);
INSERT INTO paldex_palmodel VALUES(18,'Cremis','images/18.webp','Neutral','Fluffy Wool','Farming L1, Gathering L1','Wool',1420);
INSERT INTO paldex_palmodel VALUES(19,'Daedream','images/19.webp','Dark','Dream Chaser','Gathering L1, Handiwork L1, Transporting L1','Small Pal Soul, Venom Gland',1330);
INSERT INTO paldex_palmodel VALUES(20,'Rushoar','images/20.webp','Ground','Hard Head','Mining L1','Bone, Leather, Rushoar Pork',1680);
INSERT INTO paldex_palmodel VALUES(21,'Nox','images/21.webp','Dark','Kuudere','Gathering L1','Leather, Small Pal Soul',1480);
INSERT INTO paldex_palmodel VALUES(22,'Fuddler','images/22.webp','Ground','Ore Detector','Handiwork L1, Mining L1, Transporting L1','Leather',1360);
INSERT INTO paldex_palmodel VALUES(23,'Killamari','images/23.webp','Dark','Fried Squid','Gathering L1, Transporting L2','Venom Gland',1200);
INSERT INTO paldex_palmodel VALUES(24,'Mau','images/24.webp','Dark','Gold Digger','Farming L1','Gold Coin',1000);
INSERT INTO paldex_palmodel VALUES(25,'Celaray','images/25.webp','Water','Zephyr Glider','Transporting L1, Watering L1','Pal Fluids',2860);
INSERT INTO paldex_palmodel VALUES(26,'Direhowl','images/26.webp','Neutral','Direhowl Rider','Gathering L1','Gold Coin, Leather, Ruby',1920);
INSERT INTO paldex_palmodel VALUES(27,'Tocotoco','images/27.webp','Neutral','Eggbomb Launcher','Gathering L1','Gunpowder, Tocotoco Feather',1090);
INSERT INTO paldex_palmodel VALUES(28,'Flopie','images/28.webp','Grass','Helper Bunny','Gathering L1, Handiwork L1, Medicine L1, Planting L1, Transporting L1','Low Grade Medical Supplies, Wheat Seeds',1220);
INSERT INTO paldex_palmodel VALUES(29,'Mozzarina','images/29.webp','Neutral','Milk Maker','Farming L1','Milk, Mozzarina Meat',2620);
INSERT INTO paldex_palmodel VALUES(30,'Bristla','images/30.webp','Grass','Princess Gaze','Handiwork L1, Gathering L1, Medicine L2, Planting L1, Transporting L1','Lettuce Seeds, Wheat Seeds',1140);
INSERT INTO paldex_palmodel VALUES(31,'Gobfin','images/31.webp','Water','Angry Shark','Handiwork L1, Transporting L1, Watering L2','Pal Fluids',1840);
INSERT INTO paldex_palmodel VALUES(32,'Hangyu','images/32.webp','Ground','Flying Trapeze','Gathering L1, Handiwork L1, Transporting L2','Fiber',1020);
INSERT INTO paldex_palmodel VALUES(33,'Mossanda','images/33.webp','Grass','Grenadier Panda','Handiwork L2, Lumbering L2, Planting L2, Transporting L3','Leather, Mushroom, Tomato Seeds',6200);
INSERT INTO paldex_palmodel VALUES(34,'Woolipop','images/34.webp','Neutral','Candy Pop','Farming L1','Cotton Candy, High Quality Pal Oil',1450);
INSERT INTO paldex_palmodel VALUES(35,'Caprity','images/35.webp','Grass','Berry Picker','Farming L1, Planting L2','Caprity Meat, Horn, Red Berries',2510);
INSERT INTO paldex_palmodel VALUES(36,'Melpaca','images/36.webp','Neutral','Pacapaca Wool','Farming L1','Leather, Wool',2740);
INSERT INTO paldex_palmodel VALUES(37,'Eikthyrdeer','images/37.webp','Neutral','Guardian of the Forest','Lumbering L2','Eikthyrdeer Venison, Horn, Leather',2620);
INSERT INTO paldex_palmodel VALUES(38,'Nitewing','images/38.webp','Neutral','Travel Companion','Gathering L2','Leather',6300);
INSERT INTO paldex_palmodel VALUES(39,'Ribbuny','images/39.webp','Neutral','Skilled Fingers','Gathering L1, Handiwork L1, Transporting L1','Beautiful Flower, Leather',1160);
INSERT INTO paldex_palmodel VALUES(40,'Incineram','images/40.webp','Dark, Fire','Flameclaw Hunter','Handiwork L2, Kindling L1, Mining L1, Transporting L2','Horn, Leather',4780);
INSERT INTO paldex_palmodel VALUES(41,'Cinnamoth','images/41.webp','Grass','Mysterious Scales','Medicine L1, Planting L2','Honey, Lettuce Seeds, Wheat Seeds',5700);
INSERT INTO paldex_palmodel VALUES(42,'Arsox','images/42.webp','Fire','Warm Body','Kindling L2, Lumbering L1','Horn, Flame Organ',3520);
INSERT INTO paldex_palmodel VALUES(43,'Dumud','images/43.webp','Ground','Soil Improver','Mining L2, Transporting L1, Watering L1','Raw Dumud, High Quality Pal Oil',4690);
INSERT INTO paldex_palmodel VALUES(44,'Cawgnito','images/44.webp','Dark','Telepeck','Lumbering L1','Bone, Venom Gland, Small Pal Soul',1840);
INSERT INTO paldex_palmodel VALUES(45,'Leezpunk','images/45.webp','Dark','Sixth Sense','Gathering L1, Handiwork L1, Transporting L1','Copper Key, Silver Key',1720);
INSERT INTO paldex_palmodel VALUES(46,'Loupmoon','images/46.webp','Dark','Claws Glistening in the Dark','Handiwork L2','Bone',2400);
INSERT INTO paldex_palmodel VALUES(47,'Galeclaw','images/47.webp','Neutral','Galeclaw Rider','Gathering L2','Galeclaw Poultry, Leather',2010);
INSERT INTO paldex_palmodel VALUES(48,'Robinquill','images/48.webp','Grass','Hawk Eye','Gathering L2, Handiwork L2, Lumbering L1, Medicine L1, Planting L1, Transporting L2','Wheat Seeds, Arrow',2050);
INSERT INTO paldex_palmodel VALUES(49,'Gorirat','images/49.webp','Neutral','Full-power Gorilla Mode','Handiwork L1, Lumbering L2, Transporting L3','Leather, Bone',2010);
INSERT INTO paldex_palmodel VALUES(50,'Beegarde','images/50.webp','Grass','Worker Bee','Farming L1, Gathering L1, Handiwork L1, Lumbering L1, Medicine L1, Planting L1, Transporting L2','Honey',1880);
INSERT INTO paldex_palmodel VALUES(51,'Elizabee','images/51.webp','Grass','Queen Bee Command','Gathering L2, Handiwork L2, Lumbering L1, Medicine L2, Planting L2','Honey, Elizabee’s Staff',6830);
INSERT INTO paldex_palmodel VALUES(52,'Grintale','images/52.webp','Neutral','Plump Body','Gathering L2','High Quality Pal Oil',5510);
INSERT INTO paldex_palmodel VALUES(53,'Swee','images/53.webp','Ice','Fluffy','Cooling L1, Gathering L1','Wool',1180);
INSERT INTO paldex_palmodel VALUES(54,'Sweepa','images/54.webp','Ice','King of Fluff','Cooling L2, Gathering L2','Wool',6400);
INSERT INTO paldex_palmodel VALUES(55,'Chillet','images/55.webp','Dragon, Ice','Wriggling Weasel','Cooling L1, Gathering L1','Leather',3450);
INSERT INTO paldex_palmodel VALUES(56,'Univolt','images/56.webp','Electric','Swift Deity','Electricity L1, Lumbering L1','Leather, Electric Organ, Horn',4280);
INSERT INTO paldex_palmodel VALUES(57,'Foxcicle','images/57.webp','Ice','Aurora Guide','-','Ice Organ, Leather',3730);
INSERT INTO paldex_palmodel VALUES(58,'Pyrin','images/58.webp','Fire','Red Hare','Kindling L2, Lumbering L1','Flame Organ, Leather',6720);
INSERT INTO paldex_palmodel VALUES(59,'Reindrix','images/59.webp','Ice','Cool Body','Cooling L2, Lumbering L2','Reindrix Venison, Leather, Horn, ice Organ',2800);
INSERT INTO paldex_palmodel VALUES(60,'Rayhound','images/60.webp','Electric','Jumping Force','Generating Electricity L2','Electric Organ',3880);
INSERT INTO paldex_palmodel VALUES(61,'Kitsun','images/61.webp','Fire','Clear Mind','-','Flame Organ, Leather',3170);
INSERT INTO paldex_palmodel VALUES(62,'Dazzi','images/62.webp','Electric','Lady of Lightning','Electricity L1, Handiwork L1, Transporting L1','Electric Organ',1390);
INSERT INTO paldex_palmodel VALUES(63,'Lunaris','images/63.webp','Neutral','Antigravity','Gathering L1, Handiwork L3, Transporting L1','Paldium Fragment',1760);
INSERT INTO paldex_palmodel VALUES(64,'Dinossom','images/64.webp','Dragon, Grass','Fragrant Dragon','Lumbering L2, Planting L2','Wheat Seeds',3240);
INSERT INTO paldex_palmodel VALUES(65,'Surfent','images/65.webp','Water','Swiss Swimmer','Watering L2','Pal Fluids',5050);
INSERT INTO paldex_palmodel VALUES(66,'Maraith','images/66.webp','Dark','Messenger of Death','Gathering L2, Mining L1','Bone, Small Pal Soul',1570);
INSERT INTO paldex_palmodel VALUES(67,'Digtoise','images/67.webp','Ground','Drill Crusher','Mining L3','Ore, High Quality Pal Oil',2980);
INSERT INTO paldex_palmodel VALUES(68,'Tombat','images/68.webp','Dark','Ultrasonic Sensor','Gathering L2, Mining L2, Transporting L2','Leather, Small pal Soul',3810);
INSERT INTO paldex_palmodel VALUES(69,'Lovander','images/69.webp','Neutral','Heart Drain','Handiwork L2, Medicine L2, Mining L1, Transporting L2','Mushroom, Cake, Suspicious Juice, Strange Juice',2450);
INSERT INTO paldex_palmodel VALUES(70,'Flambelle','images/70.webp','Fire','Magma Tears','Farming L1, Handiwork L1, Kindling L1, Transporting L1','Flame Organ, High Quality Pal Oil',2500);
INSERT INTO paldex_palmodel VALUES(71,'Vanwyrm','images/71.webp','Dark, Fire','Aerial Maurader','Kindling L1, Transporting L3','Bone, Ruby, Gold Coin',4360);
INSERT INTO paldex_palmodel VALUES(72,'Bushi','images/72.webp','Fire','Brandish Blade','Gathering L1, Handiwork L1, Kindling L2, Lumbering L3, Transporting L2','Bone, Ingot',4520);
INSERT INTO paldex_palmodel VALUES(73,'Beakon','images/73.webp','Electric','Thunderous','Electricity L2, Gathering L1, Transporting L3','Electric Organ',7490);
INSERT INTO paldex_palmodel VALUES(74,'Ragnahawk','images/74.webp','Fire','Flame Wing','Kindling L3, Transporting L3','Flame Organ',6720);
INSERT INTO paldex_palmodel VALUES(75,'Katress','images/75.webp','Dark','Grimoire Collector','Handiwork L2, Medicine L2, Transporting L2','Leather, Katress Hair, High Grade Technical Manual',4120);
INSERT INTO paldex_palmodel VALUES(76,'Wixen','images/76.webp','Fire','Lord Fox','Handiwork L3, Kindling L2, Transporting L2','Flame Organ, High Grade Technical Manual',1540);
INSERT INTO paldex_palmodel VALUES(77,'Verdash','images/77.webp','Grass','Grassland Speedster','Gathering L3, Handiwork L3, Lumbering L2, Planting L2, Transporting L2','Leather, Bone',2200);
INSERT INTO paldex_palmodel VALUES(78,'Vaelet','images/78.webp','Grass','Purification of Gaia','Gathering L2, Handiwork L2, Medicine L3, Planting L2, Transporting L1','Low Grade Medical Supplies, Tomato Seeds',1960);
INSERT INTO paldex_palmodel VALUES(79,'Sibelyx','images/79.webp','Ice','Silk Maker','Cooling L2, Farming L1, Medicine L2','High Quality Cloth, Ice Organ',5900);
INSERT INTO paldex_palmodel VALUES(80,'Elphidran','images/80.webp','Dragon','Amicable Holy Dragon','Lumbering L2','High Quality Pal Oil',5230);
INSERT INTO paldex_palmodel VALUES(81,'Kelpsea','images/81.webp','Water','Aqua Spout','Watering L1','Raw Kelpsea, Pal Fluids',1260);
INSERT INTO paldex_palmodel VALUES(82,'Azurobe','images/82.webp','Dragon, Water','Waterwing Dance','Watering L3','Cloth',5600);
INSERT INTO paldex_palmodel VALUES(83,'Cryolinx','images/83.webp','Ice','Dragon Hunter','Cooling L3, Handiwork L1, Lumbering L2','Ice Organ',8440);
INSERT INTO paldex_palmodel VALUES(84,'Blazehowl','images/84.webp','Dark, Fire','HellFire Lion','Kindling L3, Lumbering L2','Flame Organ',4040);
INSERT INTO paldex_palmodel VALUES(85,'Relaxaurus','images/85.webp','Dragon, Water','Hungry Missile','Transporting L1, Watering L2','High Quality Pal Oil, Ruby',10240);
INSERT INTO paldex_palmodel VALUES(86,'Broncherry','images/86.webp','Grass','Overaffectionate','Planting L3','Broncherry Meat, Tomato Seeds',2920);
INSERT INTO paldex_palmodel VALUES(87,'Petallia','images/87.webp','Grass','Blessing of the Flower Spirit','Gathering l2, Handiwork L2, Medicine L2, Planting L3, Transporting L1','Beautiful Flower',3590);
INSERT INTO paldex_palmodel VALUES(88,'Reptyro','images/88.webp','Fire, Ground','Ore-Loving Beast','Kindling L3, Mining L3','Flame Organ',6940);
INSERT INTO paldex_palmodel VALUES(89,'Kingpaca','images/89.webp','Neutral','King of Muscles','Gathering L1','Wool',5800);
INSERT INTO paldex_palmodel VALUES(90,'Mammorest','images/90.webp','Grass','Gaia Crusher','Lumbering L2, Mining L2, Planting L2','High Quality Pal Oil, Leather, Mammorest Meat',9450);
INSERT INTO paldex_palmodel VALUES(91,'Wumpo','images/91.webp','Ice','Guardian of the Snowy Mountain','Cooling L2, Handiwork L2, Lumbering L3, Transporting L4','Ice Organ, Beautiful Flower',5900);
INSERT INTO paldex_palmodel VALUES(92,'Warsect','images/92.webp','Grass, Ground','Hard Armor','Handiwork L1, Lumbering L3, Planting L1, Transporting L3','Honey',6830);
INSERT INTO paldex_palmodel VALUES(93,'Fenglope','images/93.webp','Neutral','Wind and Clouds','Lumbering L2','Leather, Horn',2250);
INSERT INTO paldex_palmodel VALUES(94,'Felbat','images/94.webp','Dark','Life Steal','Medicine L3','Cloth, Small Pal Soul',2100);
INSERT INTO paldex_palmodel VALUES(95,'Quivern','images/95.webp','Dragon','Sky Dragon''s Affection','Gathering L2, Handiwork L1, Mining L2, Transporting L3','High Quality Pal Oil',6830);
INSERT INTO paldex_palmodel VALUES(96,'Blazamut','images/96.webp','Fire','Magma Kaiser','Kindling L3, Mining L4','Coal, Flame Organ',10520);
INSERT INTO paldex_palmodel VALUES(97,'Helzephyr','images/97.webp','Dark','Wings of Death','Transporting L3','Venom Gland, Medium Pal Soul',7840);
INSERT INTO paldex_palmodel VALUES(98,'Astegon','images/98.webp','Dark, Dragon','Black Ankylosaur','Handiwork L1, Mining L4','Pal Metal Ingot, Pure Quartz',8200);
INSERT INTO paldex_palmodel VALUES(99,'Menasting','images/99.webp','Dark, Ground','Steel Scorpion','Lumbering L2, Mining L3','Coal, Venom Gland',7050);
INSERT INTO paldex_palmodel VALUES(100,'Anubis','images/100.webp','Ground','Guardian of the Desert','Handiwork L4, Mining L3, Transporting L2','Bone, Large Pal Soul, Innovative Technical Manual',4960);
INSERT INTO paldex_palmodel VALUES(101,'Jormuntide','images/101.webp','Dragon, Water','Stormbringer Sea Dragon','Watering L4','Pal Fluids',9320);
INSERT INTO paldex_palmodel VALUES(102,'Suzaku','images/102.webp','Fire','Wings of Fire','Kindling L3','Flame Organ',9840);
INSERT INTO paldex_palmodel VALUES(103,'Grizzbolt','images/103.webp','Electric','Yellow Tank','Electricity L3, Handiwork L2, Lumbering L2, Transporting L3','Electric Organ, Leather',7720);
INSERT INTO paldex_palmodel VALUES(104,'Lyleen','images/104.webp','Grass','Harvest Goddess','Gathering L2, Handiwork L3, Medicine L3, Planting L4','-',7160);
INSERT INTO paldex_palmodel VALUES(105,'Faleris','images/105.webp','Fire','Scorching Predator','Kindling L3, Transporting L3','Flame Organ',6720);
INSERT INTO paldex_palmodel VALUES(106,'Orserk','images/106_Fnse9rl.webp','Dragon, Electric','Ferocious Thunder Dragon','Electricity L4, Handiwork L2, Transporting L3','Electric Organ',8320);
INSERT INTO paldex_palmodel VALUES(107,'Shadowbeak','images/107.webp','Dark','Modified DNA','Gathering L1','Pal Metal Ingot, Carbon Fiber, Innovative Technical Manual',9060);
INSERT INTO paldex_palmodel VALUES(108,'Paladius','images/108.webp','Neutral','Holy Knight Of The Firmament','Lumbering L2, Mining L2','Pal Metal Ingot',8810);
INSERT INTO paldex_palmodel VALUES(109,'Necromus','images/109.webp','Dark','Dark Knight of the Abyss','Lumbering L2, Mining L2','Pal Metal Ingot, Large Pal Soul',8930);
INSERT INTO paldex_palmodel VALUES(110,'Frostallion','images/110.webp','Ice','Ice Steed','Cooling L4','Ice Organ, Diamond',8440);
INSERT INTO paldex_palmodel VALUES(111,'Jetragon','images/111.webp','Dragon','Aerial Missile','Gathering L3','Pure Quartz, Polymer, Carbon Fiber, Diamond',8680);
INSERT INTO paldex_palmodel VALUES(112,'Boltmane','','Electric','-','-','Flame Organ',4200);
INSERT INTO paldex_palmodel VALUES(113,'Dragostrophe','','Dark, Dragon','-','-','Bone',8440);
CREATE TABLE IF NOT EXISTS "paldex_todoitem" ("id" integer NOT NULL PRIMARY KEY AUTOINCREMENT, "title" varchar(200) NOT NULL, "completed" bool NOT NULL);
DELETE FROM sqlite_sequence;
INSERT INTO sqlite_sequence VALUES('django_migrations',33);
INSERT INTO sqlite_sequence VALUES('django_admin_log',126);
INSERT INTO sqlite_sequence VALUES('django_content_type',10);
INSERT INTO sqlite_sequence VALUES('auth_permission',40);
INSERT INTO sqlite_sequence VALUES('auth_group',0);
INSERT INTO sqlite_sequence VALUES('auth_user',4);
INSERT INTO sqlite_sequence VALUES('members_fireteam_members',49);
INSERT INTO sqlite_sequence VALUES('members_fireteam',16);
INSERT INTO sqlite_sequence VALUES('paldex_palmodel',113);
INSERT INTO sqlite_sequence VALUES('paldex_todoitem',0);
CREATE UNIQUE INDEX "auth_group_permissions_group_id_permission_id_0cd325b0_uniq" ON "auth_group_permissions" ("group_id", "permission_id");
CREATE INDEX "auth_group_permissions_group_id_b120cbf9" ON "auth_group_permissions" ("group_id");
CREATE INDEX "auth_group_permissions_permission_id_84c5c92e" ON "auth_group_permissions" ("permission_id");
CREATE UNIQUE INDEX "auth_user_groups_user_id_group_id_94350c0c_uniq" ON "auth_user_groups" ("user_id", "group_id");
CREATE INDEX "auth_user_groups_user_id_6a12ed8b" ON "auth_user_groups" ("user_id");
CREATE INDEX "auth_user_groups_group_id_97559544" ON "auth_user_groups" ("group_id");
CREATE UNIQUE INDEX "auth_user_user_permissions_user_id_permission_id_14a6b632_uniq" ON "auth_user_user_permissions" ("user_id", "permission_id");
CREATE INDEX "auth_user_user_permissions_user_id_a95ead1b" ON "auth_user_user_permissions" ("user_id");
CREATE INDEX "auth_user_user_permissions_permission_id_1fbb5f2c" ON "auth_user_user_permissions" ("permission_id");
CREATE INDEX "django_admin_log_content_type_id_c4bce8eb" ON "django_admin_log" ("content_type_id");
CREATE INDEX "django_admin_log_user_id_c564eba6" ON "django_admin_log" ("user_id");
CREATE UNIQUE INDEX "django_content_type_app_label_model_76bd3d3b_uniq" ON "django_content_type" ("app_label", "model");
CREATE UNIQUE INDEX "auth_permission_content_type_id_codename_01ab375a_uniq" ON "auth_permission" ("content_type_id", "codename");
CREATE INDEX "auth_permission_content_type_id_2f476e4b" ON "auth_permission" ("content_type_id");
CREATE INDEX "django_session_expire_date_a5c62663" ON "django_session" ("expire_date");
CREATE UNIQUE INDEX "members_fireteam_members_fireteam_id_palmodel_id_5ebd5ac8_uniq" ON "members_fireteam_members" ("fireteam_id", "palmodel_id");
CREATE INDEX "members_fireteam_members_fireteam_id_cfff832c" ON "members_fireteam_members" ("fireteam_id");
CREATE INDEX "members_fireteam_members_palmodel_id_0d5359a1" ON "members_fireteam_members" ("palmodel_id");
CREATE INDEX "members_fireteam_leader_id_3ae11a8f" ON "members_fireteam" ("leader_id");
COMMIT;
